"dta_file","geo_file"
"data/dhs/AFIR71DT/AFIR71FL.DTA",NA
"data/dhs/ALIR51DT/ALIR51FL.DTA","data/geocodes/ALGE51FL/ALGE51FL.shp"
"data/dhs/ALIR71DT/ALIR71FL.DTA","data/geocodes/ALGE71FL/ALGE71FL.shp"
"data/dhs/AMIR42DT/AMIR42FL.DTA",NA
"data/dhs/AMIR54DT/AMIR54FL.dta",NA
"data/dhs/AMIR61DT/AMIR61FL.DTA","data/geocodes/AMGE61FL/AMGE61FL.shp"
"data/dhs/AMIR72DT/AMIR72FL.DTA","data/geocodes/AMGE71FL/AMGE71FL.shp"
"data/dhs/AOIR71DT/AOIR71FL.DTA","data/geocodes/AOGE71FL/AOGE71FL.shp"
"data/dhs/APIR42DT/APIR42FL.DTA",NA
"data/dhs/ARIR42DT/ARIR42FL.DTA",NA
"data/dhs/ASIR42DT/ASIR42FL.DTA",NA
"data/dhs/AZIR52DT/AZIR52FL.DTA",NA
"data/dhs/BDIR31DT/BDIR31FL.DTA",NA
"data/dhs/BDIR3ADT/BDIR3AFL.DTA",NA
"data/dhs/BDIR41DT/BDIR41FL.DTA","data/geocodes/BDGE42FL/BDGE42FL.shp"
"data/dhs/BDIR4JDT/BDIR4JFL.DTA","data/geocodes/BDGE4JFL/BDGE4JFL.shp"
"data/dhs/BDIR51DT/BDIR51FL.DTA","data/geocodes/BDGE52FL/BDGE52FL.shp"
"data/dhs/BDIR61DT/BDIR61FL.DTA","data/geocodes/BDGE61FL/BDGE61FL.shp"
"data/dhs/BDIR72DT/BDIR72FL.DTA","data/geocodes/BDGE71FL/BDGE71FL.shp"
"data/dhs/BDIR7RDT/BDIR7RFL.DTA","data/geocodes/BDGE7SFL/BDGE7SFL.shp"
"data/dhs/BDIR81DT/BDIR81FL.DTA","data/geocodes/BDGE81FL/BDGE81FL.shp"
"data/dhs/BFIR21DT/BFIR21FL.DTA","data/geocodes/BFGE23FL/BFGE23FL.shp"
"data/dhs/BFIR31DT/BFIR31FL.DTA","data/geocodes/BFGE32FL/BFGE32FL.shp"
"data/dhs/BFIR43DT/BFIR43FL.dta","data/geocodes/BFGE43FL/BFGE43FL.shp"
"data/dhs/BFIR62DT/BFIR62FL.DTA","data/geocodes/BFGE61FL/BFGE61FL.shp"
"data/dhs/BFIR81DT/BFIR81FL.DTA","data/geocodes/BFGE81FL/BFGE81FL.shp"
"data/dhs/BHIR42DT/BHIR42FL.DTA",NA
"data/dhs/BJIR31DT/BJIR31FL.DTA","data/geocodes/BJGE33FL/BJGE33FL.shp"
"data/dhs/BJIR41DT/BJIR41FL.DTA","data/geocodes/BJGE42FL/BJGE42FL.shp"
"data/dhs/BJIR51DT/BJIR51FL.DTA",NA
"data/dhs/BJIR61DT/BJIR61FL.DTA","data/geocodes/BJGE61FL/BJGE61FL.shp"
"data/dhs/BJIR71DT/BJIR71FL.DTA","data/geocodes/BJGE71FL/BJGE71FL.shp"
"data/dhs/BOIR01DT/BOIR01FL.DTA",NA
"data/dhs/BOIR31DT/BOIR31FL.DTA",NA
"data/dhs/BOIR3BDT/BOIR3BFL.DTA",NA
"data/dhs/BOIR41DT/BOIR41FL.DTA",NA
"data/dhs/BOIR51DT/BOIR51FL.DTA","data/geocodes/BOGE53FL/BOGE53FL.shp"
"data/dhs/BRIR01DT/BRIR01FL.DTA",NA
"data/dhs/BRIR21DT/BRIR21FL.DTA",NA
"data/dhs/BRIR31DT/BRIR31FL.DTA",NA
"data/dhs/BUIR02DT/BUIR02FL.DTA",NA
"data/dhs/BUIR61DT/BUIR61FL.DTA","data/geocodes/BUGE61FL/BUGE61FL.shp"
"data/dhs/BUIR71DT/BUIR71FL.DTA","data/geocodes/BUGE71FL/BUGE71FL.shp"
"data/dhs/CDIR51DT/CDIR51FL.DTA","data/geocodes/CDGE52FL/CDGE52FL.shp"
"data/dhs/CDIR61DT/CDIR61FL.DTA","data/geocodes/CDGE61FL/CDGE61FL.shp"
"data/dhs/CDIR81DT/CDIR81FL.dta","data/geocodes/CDGE81FL/CDGE81FL.shp"
"data/dhs/CFIR31DT/CFIR31FL.DTA","data/geocodes/CFGE33FL/CFGE33FL.shp"
"data/dhs/CGIR51DT/CGIR51FL.DTA",NA
"data/dhs/CGIR61DT/CGIR61FL.DTA",NA
"data/dhs/CIIR35DT/CIIR35FL.DTA","data/geocodes/CIGE33FL/CIGE33FL.shp"
"data/dhs/CIIR3ADT/CIIR3AFL.DTA","data/geocodes/CIGE3BFL/CIGE3BFL.shp"
"data/dhs/CIIR62DT/CIIR62FL.DTA","data/geocodes/CIGE61FL/CIGE61FL.shp"
"data/dhs/CIIR81DT/CIIR81FL.DTA","data/geocodes/CIGE81FL/CIGE81FL.shp"
"data/dhs/CMIR22DT/CMIR22FL.DTA","data/geocodes/CMGE23FL/CMGE23FL.shp"
"data/dhs/CMIR31DT/CMIR31FL.DTA",NA
"data/dhs/CMIR44DT/CMIR44FL.dta","data/geocodes/CMGE42FL/CMGE42FL.shp"
"data/dhs/CMIR61DT/CMIR61FL.DTA","data/geocodes/CMGE61FL/CMGE61FL.shp"
"data/dhs/CMIR71DT/CMIR71FL.DTA","data/geocodes/CMGE71FL/CMGE71FL.shp"
"data/dhs/COIR01DT/COIR01FL.DTA",NA
"data/dhs/COIR22DT/coir22fl.dta",NA
"data/dhs/COIR31DT/COIR31FL.DTA",NA
"data/dhs/COIR41DT/COIR41FL.DTA",NA
"data/dhs/COIR53DT/COIR53FL.DTA",NA
"data/dhs/COIR61DT/COIR61FL.DTA","data/geocodes/COGE61FL/COGE61FL.shp"
"data/dhs/COIR72DT/COIR72FL.DTA",NA
"data/dhs/DLIR42DT/DLIR42FL.DTA",NA
"data/dhs/DRIR01DT/DRIR01FL.DTA",NA
"data/dhs/DRIR21DT/DRIR21FL.DTA",NA
"data/dhs/DRIR32DT/DRIR32FL.DTA",NA
"data/dhs/DRIR41DT/DRIR41FL.DTA",NA
"data/dhs/DRIR4BDT/DRIR4BFL.DTA",NA
"data/dhs/DRIR52DT/DRIR52FL.DTA","data/geocodes/DRGE52FL/DRGE52FL.shp"
"data/dhs/DRIR5ADT/DRIR5AFL.DTA",NA
"data/dhs/DRIR61DT/DRIR61FL.DTA","data/geocodes/DRGE61FL/DRGE61FL.shp"
"data/dhs/DRIR6ADT/DRIR6AFL.DTA","data/geocodes/DRGE6AFL/DRGE6AFL.shp"
"data/dhs/ECIR01DT/ECIR01FL.DTA",NA
"data/dhs/EGIR01DT/EGIR01FL.DTA",NA
"data/dhs/EGIR21DT/EGIR21FL.DTA","data/geocodes/EGGE22FL/EGGE22FL.shp"
"data/dhs/EGIR33DT/EGIR33FL.DTA","data/geocodes/EGGE32FL/EGGE32FL.shp"
"data/dhs/EGIR42DT/EGIR42FL.DTA","data/geocodes/EGGE42FL/EGGE42FL.shp"
"data/dhs/EGIR4ADT/EGIR4AFL.DTA","data/geocodes/EGGE4BFL/EGGE4BFL.shp"
"data/dhs/EGIR51DT/EGIR51FL.DTA","data/geocodes/EGGE52FL/EGGE52FL.shp"
"data/dhs/EGIR5ADT/EGIR5AFL.DTA","data/geocodes/EGGE5DFL/EGGE5DFL.shp"
"data/dhs/EGIR61DT/EGIR61FL.DTA","data/geocodes/EGGE61FL/EGGE61FL.shp"
"data/dhs/ESIR01DT/ESIR01FL.DTA",NA
"data/dhs/ETIR41DT/ETIR41FL.DTA","data/geocodes/ETGE42FL/ETGE42FL.shp"
"data/dhs/ETIR51DT/ETIR51FL.DTA","data/geocodes/ETGE52FL/ETGE52FL.shp"
"data/dhs/ETIR61DT/ETIR61FL.DTA","data/geocodes/ETGE61FL/ETGE61FL.shp"
"data/dhs/ETIR71DT/ETIR71FL.DTA","data/geocodes/ETGE71FL/ETGE71FL.shp"
"data/dhs/ETIR81DT/ETIR81FL.DTA","data/geocodes/ETGE81FL/ETGE81FL.shp"
"data/dhs/GAIR41DT/GAIR41FL.DTA",NA
"data/dhs/GAIR61DT/GAIR61FL.DTA","data/geocodes/GAGE61FL/GAGE61FL.shp"
"data/dhs/GAIR71DT/GAIR71FL.DTA","data/geocodes/GAGE71FL/GAGE71FL.shp"
"data/dhs/GHIR02DT/GHIR02FL.DTA",NA
"data/dhs/GHIR31DT/GHIR31FL.DTA","data/geocodes/GHGE33FL/GHGE33FL.shp"
"data/dhs/GHIR41DT/GHIR41FL.DTA","data/geocodes/GHGE42FL/GHGE42FL.shp"
"data/dhs/GHIR4BDT/GHIR4BFL.DTA","data/geocodes/GHGE4BFL/GHGE4BFL.shp"
"data/dhs/GHIR5ADT/GHIR5AFL.DTA","data/geocodes/GHGE5AFL/GHGE5AFL.shp"
"data/dhs/GHIR72DT/GHIR72FL.DTA","data/geocodes/GHGE71FL/GHGE71FL.shp"
"data/dhs/GHIR8CDT/GHIR8CFL.DTA","data/geocodes/GHGE8AFL/GHGE8AFL.shp"
"data/dhs/GJIR42DT/GJIR42FL.DTA",NA
"data/dhs/GMIR61DT/GMIR61FL.DTA",NA
"data/dhs/GMIR81DT/GMIR81FL.DTA","data/geocodes/GMGE81FL/GMGE81FL.shp"
"data/dhs/GNIR41DT/GNIR41FL.DTA","data/geocodes/GNGE42FL/GNGE42FL.shp"
"data/dhs/GNIR52DT/gnir52fl.dta","data/geocodes/GNGE52FL/GNGE52FL.shp"
"data/dhs/GNIR62DT/GNIR62FL.DTA","data/geocodes/GNGE61FL/GNGE61FL.shp"
"data/dhs/GNIR71DT/GNIR71FL.DTA","data/geocodes/GNGE71FL/GNGE71FL.shp"
"data/dhs/GOIR42DT/GOIR42FL.DTA",NA
"data/dhs/GUIR01DT/GUIR01FL.DTA",NA
"data/dhs/GUIR34DT/GUIR34FL.DTA",NA
"data/dhs/GUIR41DT/GUIR41FL.DTA",NA
"data/dhs/GUIR71DT/GUIR71FL.DTA","data/geocodes/GUGE71FL/GUGE71FL.shp"
"data/dhs/GYIR5IDT/GYIR5IFL.DTA","data/geocodes/GYGE5JFL/GYGE5JFL.shp"
"data/dhs/HNIR52DT/HNIR52FL.DTA",NA
"data/dhs/HNIR62DT/HNIR62FL.DTA","data/geocodes/HNGE61FL/HNGE61FL.shp"
"data/dhs/HPIR42DT/HPIR42FL.DTA",NA
"data/dhs/HRIR42DT/HRIR42FL.DTA",NA
"data/dhs/HTIR31DT/HTIR31FL.DTA",NA
"data/dhs/HTIR42DT/HTIR42FL.dta","data/geocodes/HTGE42FL/HTGE42FL.shp"
"data/dhs/HTIR52DT/HTIR52FL.DTA","data/geocodes/HTGE52FL/HTGE52FL.shp"
"data/dhs/HTIR61DT/HTIR61FL.DTA","data/geocodes/HTGE61FL/HTGE61FL.shp"
"data/dhs/HTIR71DT/HTIR71FL.DTA","data/geocodes/HTGE71FL/HTGE71FL.shp"
"data/dhs/IAIR23DT/IAIR23FL.DTA",NA
"data/dhs/IAIR42DT/IAIR42FL.DTA",NA
"data/dhs/IAIR52DT/IAIR52FL.dta",NA
"data/dhs/IAIR74DT/IAIR74FL.DTA","data/geocodes/IAGE71FL/IAGE71FL.shp"
"data/dhs/IAIR7EDT/IAIR7EFL.DTA","data/geocodes/IAGE7AFL/IAGE7AFL.shp"
"data/dhs/IDIR01DT/IDIR01FL.DTA",NA
"data/dhs/IDIR21DT/IDIR21FL.DTA",NA
"data/dhs/IDIR31DT/IDIR31FL.DTA",NA
"data/dhs/IDIR3ADT/IDIR3AFL.DTA",NA
"data/dhs/IDIR42DT/IDIR42FL.DTA","data/geocodes/IDGE43FL/IDGE43FL.shp"
"data/dhs/IDIR51DT/IDIR51FL.DTA",NA
"data/dhs/IDIR63DT/IDIR63FL.DTA",NA
"data/dhs/IDIR71DT/IDIR71FL.DTA",NA
"data/dhs/JMIR42DT/JMIR42FL.DTA",NA
"data/dhs/JOIR21DT/JOIR21FL.DTA",NA
"data/dhs/JOIR31DT/JOIR31FL.DTA",NA
"data/dhs/JOIR42DT/JOIR42FL.DTA","data/geocodes/JOGE43FL/JOGE43FL.shp"
"data/dhs/JOIR51DT/JOIR51FL.DTA","data/geocodes/JOGE52FL/JOGE52FL.shp"
"data/dhs/JOIR61DT/JOIR61FL.DTA",NA
"data/dhs/JOIR6CDT/JOIR6CFL.DTA","data/geocodes/JOGE6AFL/JOGE6AFL.shp"
"data/dhs/JOIR74DT/JOIR74FL.DTA","data/geocodes/JOGE71FL/JOGE71FL.shp"
"data/dhs/JOIR81DT/JOIR81FL.DTA","data/geocodes/JOGE81FL/JOGE81FL.shp"
"data/dhs/KAIR42DT/KAIR42FL.DTA",NA
"data/dhs/KEIR03DT/KEIR03FL.DTA",NA
"data/dhs/KEIR33DT/KEIR33FL.DTA",NA
"data/dhs/KEIR3ADT/KEIR3AFL.DTA",NA
"data/dhs/KEIR42DT (1)/KEIR42FL.DTA","data/geocodes/KEGE43FL/KEGE43FL.shp"
"data/dhs/KEIR42DT/KEIR42FL.DTA","data/geocodes/KEGE43FL/KEGE43FL.shp"
"data/dhs/KEIR52DT/KEIR52FL.DTA","data/geocodes/KEGE52FL/KEGE52FL.shp"
"data/dhs/KEIR72DT/KEIR72FL.DTA","data/geocodes/KEGE71FL/KEGE71FL.shp"
"data/dhs/KEIR8CDT/KEIR8CFL.DTA","data/geocodes/KEGE8AFL/KEGE8AFL.shp"
"data/dhs/KHIR42DT/KHIR42FL.dta","data/geocodes/KHGE43FL/KHGE43FL.shp"
"data/dhs/KHIR51DT/KHIR51FL.DTA","data/geocodes/KHGE51FL/KHGE51FL.shp"
"data/dhs/KHIR61DT/KHIR61FL.DTA","data/geocodes/KHGE62FL/KHGE62FL.shp"
"data/dhs/KHIR73DT/KHIR73FL.DTA","data/geocodes/KHGE71FL/KHGE71FL.shp"
"data/dhs/KHIR82DT/KHIR82FL.DTA","data/geocodes/KHGE81FL/KHGE81FL.shp"
"data/dhs/KKIR31DT/KKIR31FL.DTA",NA
"data/dhs/KKIR42DT/KKIR42FL.DTA",NA
"data/dhs/KMIR32DT/KMIR32FL.DTA",NA
"data/dhs/KMIR61DT/KMIR61FL.DTA","data/geocodes/KMGE61FL/KMGE61FL.shp"
"data/dhs/KYIR31DT/KYIR31FL.DTA",NA
"data/dhs/KYIR61DT/KYIR61FL.DTA","data/geocodes/KYGE61FL/KYGE61FL.shp"
"data/dhs/LBIR01DT/LBIR01FL.DTA","data/geocodes/LBGE03FL/LBGE03FL.shp"
"data/dhs/LBIR51DT/LBIR51FL.DTA","data/geocodes/LBGE52FL/LBGE52FL.shp"
"data/dhs/LBIR6ADT/LBIR6AFL.DTA","data/geocodes/LBGE6AFL/LBGE6AFL.shp"
"data/dhs/LBIR7ADT/LBIR7AFL.DTA","data/geocodes/LBGE7AFL/LBGE7AFL.shp"
"data/dhs/LKIR02DT/LKIR02FL.DTA",NA
"data/dhs/LSIR41DT/LSIR41FL.dta","data/geocodes/LSGE42FL/LSGE42FL.shp"
"data/dhs/LSIR61DT/LSIR61FL.DTA","data/geocodes/LSGE62FL/LSGE62FL.shp"
"data/dhs/LSIR71DT/LSIR71FL.DTA","data/geocodes/LSGE71FL/LSGE71FL.shp"
"data/dhs/LSIR81DT/LSIR81FL.DTA","data/geocodes/LSGE81FL/LSGE81FL.shp"
"data/dhs/MAIR01DT/MAIR01FL.DTA",NA
"data/dhs/MAIR21DT/MAIR21FL.DTA",NA
"data/dhs/MAIR43DT/MAIR43FL.dta","data/geocodes/MAGE43FL/MAGE43FL.shp"
"data/dhs/MBIR53DT/MBIR53FL.DTA","data/geocodes/MBGE52FL/MBGE52FL.shp"
"data/dhs/MDIR21DT/MDIR21FL.DTA",NA
"data/dhs/MDIR31DT/MDIR31FL.DTA","data/geocodes/MDGE32FL/MDGE32FL.shp"
"data/dhs/MDIR42DT/MDIR42FL.DTA",NA
"data/dhs/MDIR51DT/MDIR51FL.DTA","data/geocodes/MDGE53FL/MDGE53FL.shp"
"data/dhs/MDIR81DT/MDIR81FL.DTA","data/geocodes/MDGE81FL/MDGE81FL.shp"
"data/dhs/MGIR42DT/MGIR42FL.DTA",NA
"data/dhs/MHIR42DT/MHIR42FL.DTA",NA
"data/dhs/MLIR01DT/MLIR01FL.DTA",NA
"data/dhs/MLIR32DT/MLIR32FL.DTA","data/geocodes/MLGE33FL/MLGE33FL.shp"
"data/dhs/MLIR41DT/MLIR41FL.DTA","data/geocodes/MLGE42FL/MLGE42FL.shp"
"data/dhs/MLIR53DT/MLIR53FL.DTA","data/geocodes/MLGE52FL/MLGE52FL.shp"
"data/dhs/MLIR6ADT/MLIR6AFL.DTA","data/geocodes/MLGE6BFL/MLGE6BFL.shp"
"data/dhs/MLIR7ADT/MLIR7AFL.DTA","data/geocodes/MLGE7AFL/MLGE7AFL.shp"
"data/dhs/MMIR71DT/MMIR71FL.DTA","data/geocodes/MMGE71FL/MMGE71FL.shp"
"data/dhs/MNIR42DT/MNIR42FL.DTA",NA
"data/dhs/MPIR42DT/MPIR42FL.DTA",NA
"data/dhs/MRIR71DT/MRIR71FL.DTA","data/geocodes/MRGE71FL/MRGE71FL.shp"
"data/dhs/MVIR52DT/MVIR52FL.DTA",NA
"data/dhs/MVIR71DT/MVIR71FL.DTA",NA
"data/dhs/MWIR22DT/MWIR22FL.DTA",NA
"data/dhs/MWIR41DT/MWIR41FL.DTA","data/geocodes/MWGE43FL/MWGE43FL.shp"
"data/dhs/MWIR4EDT/MWIR4EFL.DTA","data/geocodes/MWGE4BFL/MWGE4BFL.shp"
"data/dhs/MWIR61DT/MWIR61FL.DTA","data/geocodes/MWGE62FL/MWGE62FL.shp"
"data/dhs/MWIR7ADT/MWIR7AFL.DTA","data/geocodes/MWGE7AFL/MWGE7AFL.shp"
"data/dhs/MXIR01DT/MXIR01FL.DTA",NA
"data/dhs/MZIR31DT/MZIR31FL.DTA",NA
"data/dhs/MZIR41DT/MZIR41FL.DTA",NA
"data/dhs/MZIR42DT/MZIR42FL.DTA",NA
"data/dhs/MZIR62DT/MZIR62FL.DTA","data/geocodes/MZGE61FL/MZGE61FL.shp"
"data/dhs/MZIR81DT/MZIR81FL.DTA","data/geocodes/MZGE81FL/MZGE81FL.shp"
"data/dhs/NAIR42DT/NAIR42FL.DTA",NA
"data/dhs/NCIR31DT/NCIR31FL.DTA",NA
"data/dhs/NCIR41DT/NCIR41FL.DTA",NA
"data/dhs/NGIR21DT/NGIR21FL.DTA","data/geocodes/NGGE23FL/NGGE23FL.shp"
"data/dhs/NGIR4BDT/NGIR4BFL.DTA","data/geocodes/NGGE4BFL/NGGE4BFL.shp"
"data/dhs/NGIR53DT/NGIR53FL.DTA","data/geocodes/NGGE52FL/NGGE52FL.shp"
"data/dhs/NGIR6ADT/NGIR6AFL.DTA","data/geocodes/NGGE6AFL/NGGE6AFL.shp"
"data/dhs/NGIR7BDT/NGIR7BFL.DTA","data/geocodes/NGGE7BFL/NGGE7BFL.shp"
"data/dhs/NIIR22DT/NIIR22FL.DTA","data/geocodes/NIGE23FL/NIGE23FL.shp"
"data/dhs/NIIR31DT/NIIR31FL.DTA","data/geocodes/NIGE32FL/NIGE32FL.shp"
"data/dhs/NIIR51DT/NIIR51FL.DTA",NA
"data/dhs/NIIR61DT/NIIR61FL.DTA","data/geocodes/NIGE61FL/NIGE61FL.shp"
"data/dhs/NMIR21DT/NMIR21FL.DTA",NA
"data/dhs/NMIR41DT/NMIR41FL.DTA","data/geocodes/NMGE42FL/NMGE42FL.shp"
"data/dhs/NMIR51DT/nmir51fl.dta","data/geocodes/NMGE53FL/NMGE53FL.shp"
"data/dhs/NMIR61DT/NMIR61FL.DTA","data/geocodes/NMGE61FL/NMGE61FL.shp"
"data/dhs/NPIR31DT/NPIR31FL.DTA",NA
"data/dhs/NPIR41DT/NPIR41FL.DTA","data/geocodes/NPGE42FL/NPGE42FL.shp"
"data/dhs/NPIR51DT/NPIR51FL.dta","data/geocodes/NPGE53FL/NPGE53FL.shp"
"data/dhs/NPIR61DT/NPIR61FL.DTA","data/geocodes/NPGE61FL/NPGE61FL.shp"
"data/dhs/NPIR7HDT/NPIR7HFL.DTA","data/geocodes/NPGE7AFL/NPGE7AFL.shp"
"data/dhs/NPIR82DT/NPIR82FL.DTA","data/geocodes/NPGE82FL/NPGE82FL.shp"
"data/dhs/ORIR42DT/ORIR42FL.DTA",NA
"data/dhs/OSIR01DT/OSIR01FL.DTA",NA
"data/dhs/PEIR01DT/PEIR01FL.DTA",NA
"data/dhs/PEIR21DT/PEIR21FL.DTA",NA
"data/dhs/PEIR31DT/PEIR31FL.DTA",NA
"data/dhs/PEIR41DT/PEIR41FL.DTA","data/geocodes/PEGE44FL/PEGE44FL.shp"
"data/dhs/PEIR51DT/PEIR51FL.DTA","data/geocodes/PEGE52FL/PEGE52FL.shp"
"data/dhs/PEIR5ADT/PEIR51FL.DTA","data/geocodes/PEGE5BFL/PEGE52FL.shp"
"data/dhs/PEIR5IDT/PEIR5IFL.DTA","data/geocodes/PEGE5IFL/PEGE5IFL.shp"
"data/dhs/PEIR61DT/PEIR61FL.DTA",NA
"data/dhs/PEIR6ADT/PEIR6AFL.DTA",NA
"data/dhs/PEIR6IDT/PEIR6IFL.DTA",NA
"data/dhs/PGIR71DT/PGIR71FL.DTA",NA
"data/dhs/PHIR31DT/PHIR31FL.DTA",NA
"data/dhs/PHIR3BDT/PHIR3BFL.DTA",NA
"data/dhs/PHIR41DT/PHIR41FL.DTA","data/geocodes/PHGE43FL/PHGE43FL.shp"
"data/dhs/PHIR52DT/PHIR52FL.DTA","data/geocodes/PHGE52FL/PHGE52FL.shp"
"data/dhs/PHIR61DT/PHIR61FL.DTA",NA
"data/dhs/PHIR71DT/PHIR71FL.DTA","data/geocodes/PHGE71FL/PHGE71FL.shp"
"data/dhs/PHIR82DT/PHIR82FL.DTA","data/geocodes/PHGE81FL/PHGE81FL.shp"
"data/dhs/PJIR42DT/PJIR42FL.DTA",NA
"data/dhs/PKIR21DT/PKIR21FL.DTA",NA
"data/dhs/PKIR53DT/PKIR53FL.DTA","data/geocodes/PKGE51FL/PKGE51FL.shp"
"data/dhs/PKIR61DT/PKIR61FL.DTA",NA
"data/dhs/PKIR71DT/PKIR71FL.DTA","data/geocodes/PKGE71FL/PKGE71FL.shp"
"data/dhs/PYIR21DT/PYIR21FL.DTA",NA
"data/dhs/RJIR42DT/RJIR42FL.DTA",NA
"data/dhs/RWIR21DT/RWIR21FL.DTA",NA
"data/dhs/RWIR41DT/RWIR41FL.DTA",NA
"data/dhs/RWIR53DT/RWIR53FL.DTA","data/geocodes/RWGE54FL/RWGE54FL.shp"
"data/dhs/RWIR5ADT/RWIR5AFL.DTA","data/geocodes/RWGE5BFL/RWGE5BFL.shp"
"data/dhs/RWIR61DT/RWIR61FL.DTA","data/geocodes/RWGE61FL/RWGE61FL.shp"
"data/dhs/RWIR70DT/RWIR70FL.DTA","data/geocodes/RWGE72FL/RWGE72FL.shp"
"data/dhs/RWIR81DT/RWIR81FL.DTA","data/geocodes/RWGE81FL/RWGE81FL.shp"
"data/dhs/SDIR02DT/SDIR02FL.DTA",NA
"data/dhs/SKIR42DT/SKIR42FL.DTA",NA
"data/dhs/SLIR51DT/SLIR51FL.DTA","data/geocodes/SLGE53FL/SLGE53FL.shp"
"data/dhs/SLIR61DT/SLIR61FL.DTA","data/geocodes/SLGE61FL/SLGE61FL.shp"
"data/dhs/SLIR7ADT/SLIR7AFL.DTA","data/geocodes/SLGE7AFL/SLGE7AFL.shp"
"data/dhs/SNIR02DT/SNIR02FL.DTA",NA
"data/dhs/SNIR21DT/SNIR21FL.DTA","data/geocodes/SNGE23FL/SNGE23FL.shp"
"data/dhs/SNIR32DT/SNIR32FL.DTA","data/geocodes/SNGE32FL/SNGE32FL.shp"
"data/dhs/SNIR4ADT/SNIR4AFL.DTA","data/geocodes/SNGE4BFL/SNGE4BFL.shp"
"data/dhs/SNIR61DT/SNIR61FL.DTA","data/geocodes/SNGE61FL/SNGE61FL.shp"
"data/dhs/SNIR6DDT/SNIR6DFL.DTA","data/geocodes/SNGE6AFL/SNGE6AFL.shp"
"data/dhs/SNIR7ADT/SNIR7AFL.DTA","data/geocodes/SNGE7AFL/SNGE7AFL.shp"
"data/dhs/SNIR7ZDT/SNIR7ZFL.DTA","data/geocodes/SNGE7RFL/SNGE7RFL.shp"
"data/dhs/SNIR81DT/SNIR81FL.DTA","data/geocodes/SNGE81FL/SNGE81FL.shp"
"data/dhs/SNIR8BDT/SNIR8BFL.DTA","data/geocodes/SNGE8BFL/SNGE8BFL.shp"
"data/dhs/SNIR8SDT/SNIR8SFL.DTA","data/geocodes/SNGE8RFL/SNGE8RFL.shp"
"data/dhs/STIR51DT/STIR51FL.DTA",NA
"data/dhs/SZIR51DT/szir51fl.dta","data/geocodes/SZGE53FL/SZGE53FL.shp"
"data/dhs/TDIR31DT/TDIR31FL.DTA",NA
"data/dhs/TDIR41DT/TDIR41FL.DTA",NA
"data/dhs/TDIR71DT/TDIR71FL.DTA","data/geocodes/TDGE71FL/TDGE71FL.shp"
"data/dhs/TGIR01DT/TGIR01FL.DTA","data/geocodes/TGGE03FL/TGGE03FL.shp"
"data/dhs/TGIR31DT/TGIR31FL.DTA","data/geocodes/TGGE32FL/TGGE32FL.shp"
"data/dhs/TGIR61DT/TGIR61FL.DTA","data/geocodes/TGGE62FL/TGGE62FL.shp"
"data/dhs/THIR01DT/THIR01FL.DTA",NA
"data/dhs/TJIR61DT/TJIR61FL.DTA","data/geocodes/TJGE61FL/TJGE61FL.shp"
"data/dhs/TJIR72DT/TJIR72FL.DTA","data/geocodes/TJGE71FL/TJGE71FL.shp"
"data/dhs/TJIR81DT/TJIR81FL.dta","data/geocodes/TJGE81FL/TJGE81FL.shp"
"data/dhs/TLIR61DT/TLIR61FL.DTA","data/geocodes/TLGE62FL/TLGE62FL.shp"
"data/dhs/TLIR71DT/TLIR71FL.DTA","data/geocodes/TLGE71FL/TLGE71FL.shp"
"data/dhs/TNIR02DT/TNIR02FL.DTA",NA
"data/dhs/TNIR42DT/TNIR42FL.DTA",NA
"data/dhs/TRIR31DT/TRIR31FL.DTA",NA
"data/dhs/TRIR41DT/TRIR41FL.DTA",NA
"data/dhs/TRIR42DT/TRIR42FL.DTA",NA
"data/dhs/TRIR4ADT/TRIR4AFL.DTA",NA
"data/dhs/TRIR51DT/TRIR51FL.DTA",NA
"data/dhs/TRIR62DT/TRIR62FL.DTA",NA
"data/dhs/TRIR71DT/TRIR71FL.DTA",NA
"data/dhs/TTIR01DT/TTIR01FL.DTA",NA
"data/dhs/TZIR21DT/TZIR21FL.DTA",NA
"data/dhs/TZIR3ADT/TZIR3AFL.DTA",NA
"data/dhs/TZIR41DT/TZIR41FL.DTA","data/geocodes/TZGE43FL/TZGE43FL.shp"
"data/dhs/TZIR4IDT/TZIR4IFL.DTA",NA
"data/dhs/TZIR63DT/TZIR63FL.DTA","data/geocodes/TZGE61FL/TZGE61FL.shp"
"data/dhs/TZIR7BDT/TZIR7BFL.DTA","data/geocodes/TZGE7AFL/TZGE7AFL.shp"
"data/dhs/TZIR82DT/TZIR82FL.DTA","data/geocodes/TZGE81FL/TZGE81FL.shp"
"data/dhs/UAIR51DT/UAIR51FL.DTA",NA
"data/dhs/UGIR01DT/UGIR01FL.DTA",NA
"data/dhs/UGIR33DT/UGIR33FL.DTA",NA
"data/dhs/UGIR41DT/UGIR41FL.DTA","data/geocodes/UGGE43FL/UGGE43FL.shp"
"data/dhs/UGIR52DT/UGIR52FL.DTA","data/geocodes/UGGE53FL/UGGE53FL.shp"
"data/dhs/UGIR61DT/UGIR61FL.DTA","data/geocodes/UGGE61FL/UGGE61FL.shp"
"data/dhs/UGIR7BDT/UGIR7BFL.DTA","data/geocodes/UGGE7AFL/UGGE7AFL.shp"
"data/dhs/UPIR42DT/UPIR42FL.DTA",NA
"data/dhs/UZIR31DT/UZIR31FL.DTA",NA
"data/dhs/VNIR31DT/VNIR31FL.DTA",NA
"data/dhs/VNIR41DT/VNIR41FL.DTA",NA
"data/dhs/WBIR42DT/WBIR42FL.DTA",NA
"data/dhs/YEIR21DT/YEIR21FL.DTA",NA
"data/dhs/YEIR61DT/YEIR61FL.DTA",NA
"data/dhs/ZAIR31DT/ZAIR31FL.DTA",NA
"data/dhs/ZAIR71DT/ZAIR71FL.DTA","data/geocodes/ZAGE71FL/ZAGE71FL.shp"
"data/dhs/ZMIR21DT/ZMIR21FL.DTA",NA
"data/dhs/ZMIR31DT/ZMIR31FL.DTA",NA
"data/dhs/ZMIR42DT/ZMIR42FL.DTA",NA
"data/dhs/ZMIR51DT/ZMIR51FL.DTA","data/geocodes/ZMGE52FL/ZMGE52FL.shp"
"data/dhs/ZMIR61DT/ZMIR61FL.DTA","data/geocodes/ZMGE61FL/ZMGE61FL.shp"
"data/dhs/ZMIR71DT/ZMIR71FL.DTA","data/geocodes/ZMGE71FL/ZMGE71FL.shp"
"data/dhs/ZWIR01DT/ZWIR01FL.DTA",NA
"data/dhs/ZWIR31DT/ZWIR31FL.DTA",NA
"data/dhs/ZWIR42DT/ZWIR42FL.DTA","data/geocodes/ZWGE42FL/ZWGE42FL.shp"
"data/dhs/ZWIR52DT/ZWIR52FL.DTA","data/geocodes/ZWGE52FL/ZWGE52FL.shp"
"data/dhs/ZWIR62DT/ZWIR62FL.DTA","data/geocodes/ZWGE61FL/ZWGE61FL.shp"
"data/dhs/ZWIR72DT/ZWIR72FL.DTA","data/geocodes/ZWGE72FL/ZWGE72FL.shp"
